{"modelTopology":{"class_name":"Model","config":{"name":"model1","layers":[{"name":"image","class_name":"InputLayer","config":{"batch_input_shape":[null,25,50,3],"dtype":"float32","sparse":false,"name":"image"},"inbound_nodes":[]},{"name":"conv2d_Conv2D1","class_name":"Conv2D","config":{"filters":20,"kernel_initializer":{"class_name":"VarianceScaling","config":{"scale":1,"mode":"fan_in","distribution":"normal","seed":null}},"kernel_regularizer":null,"kernel_constraint":null,"kernel_size":[5,5],"strides":[1,1],"padding":"valid","data_format":"channels_last","dilation_rate":[1,1],"activation":"relu","use_bias":true,"bias_initializer":{"class_name":"Zeros","config":{}},"bias_regularizer":null,"activity_regularizer":null,"bias_constraint":null,"name":"conv2d_Conv2D1","trainable":true},"inbound_nodes":[[["image",0,0,{}]]]},{"name":"max_pooling2d_MaxPooling2D1","class_name":"MaxPooling2D","config":{"pool_size":[2,2],"padding":"valid","strides":[2,2],"data_format":"channels_last","name":"max_pooling2d_MaxPooling2D1","trainable":true},"inbound_nodes":[[["conv2d_Conv2D1",0,0,{}]]]},{"name":"flatten_Flatten1","class_name":"Flatten","config":{"name":"flatten_Flatten1","trainable":true},"inbound_nodes":[[["max_pooling2d_MaxPooling2D1",0,0,{}]]]},{"name":"dropout_Dropout1","class_name":"Dropout","config":{"rate":0,"noise_shape":null,"seed":null,"name":"dropout_Dropout1","trainable":true},"inbound_nodes":[[["flatten_Flatten1",0,0,{}]]]},{"name":"metaInfos","class_name":"InputLayer","config":{"batch_input_shape":[null,4],"dtype":"float32","sparse":false,"name":"metaInfos"},"inbound_nodes":[]},{"name":"concatenate_Concatenate1","class_name":"Concatenate","config":{"axis":-1,"name":"concatenate_Concatenate1","trainable":true},"inbound_nodes":[[["dropout_Dropout1",0,0,{}],["metaInfos",0,0,{}]]]},{"name":"dense_Dense1","class_name":"Dense","config":{"units":2,"activation":"tanh","use_bias":true,"kernel_initializer":{"class_name":"VarianceScaling","config":{"scale":1,"mode":"fan_in","distribution":"normal","seed":null}},"bias_initializer":{"class_name":"Zeros","config":{}},"kernel_regularizer":null,"bias_regularizer":null,"activity_regularizer":null,"kernel_constraint":null,"bias_constraint":null,"name":"dense_Dense1","trainable":true},"inbound_nodes":[[["concatenate_Concatenate1",0,0,{}]]]}],"input_layers":[["image",0,0],["metaInfos",0,0]],"output_layers":[["dense_Dense1",0,0]]},"keras_version":"tfjs-layers 1.5.0","backend":"tensor_flow.js"},"format":"layers-model","generatedBy":"TensorFlow.js tfjs-layers v1.5.0","convertedBy":null,"weightsManifest":[{"paths":["./model.weights.bin"],"weights":[{"name":"conv2d_Conv2D1/kernel","shape":[5,5,3,20],"dtype":"float32"},{"name":"conv2d_Conv2D1/bias","shape":[20],"dtype":"float32"},{"name":"dense_Dense1/kernel","shape":[4604,2],"dtype":"float32"},{"name":"dense_Dense1/bias","shape":[2],"dtype":"float32"}]}]}